Client ID,Project ID,Feedback Score,Comments,Date
CL001,C001,4.5,Great work on aligning our strategy with market trends.,2023-07-01
CL002,C002,4.8,Infrastructure upgrade is on track. Consultants are knowledgeable.,2023-12-20
CL003,C003,4.0,"Marketing insights were helpful, but execution was slightly delayed.",2023-11-01
CL004,C004,4.7,Financial models were robust and insightful.,2023-12-15
CL005,C005,4.9,Significant improvement in supply chain efficiency. Excellent results!,2024-01-05
CL006,C006,4.6,HR automation has streamlined our workflows. Impressive deliverables.,2024-02-10
CL007,C007,4.3,"Risk assessments were detailed, but the timeline could have been shorter.",2024-03-05
CL008,C008,4.4,Provided actionable sustainability initiatives. Good collaboration.,2023-11-30
CL009,C009,4.8,Cloud migration planning is solid. Results look promising so far.,2024-04-01
CL010,C010,4.2,"Performance analytics delivered insights, but more visualization needed.",2023-10-10
