Project ID,Milestone Name,Due Date,Completion Status,Comments
P001,Initial Analysis,2023-02-01,Completed,Completed after key market research and analysis.
P001,Strategy Development,2023-04-01,Completed,Finalized strategy plan and presentation to the client.
P001,Final Presentation,2023-06-15,Completed,Presented final strategy to senior leadership.
P002,Infrastructure Assessment,2023-06-01,Active,"Ongoing, assessing IT infrastructure for scalability."
P002,Solution Design,2023-09-01,Pending,Awaiting assessment completion to move forward.
P003,Campaign Planning,2023-06-01,Completed,All materials for the marketing campaign were approved.
P003,Ad Rollout,2023-08-01,Completed,"Ads launched on schedule, reaching target demographics."
P004,Financial Audit,2023-08-01,Active,Reviewing the companyâ€™s financials for restructuring.
P004,Restructuring Plan,2023-12-01,Pending,The restructuring plan is in the final review stage.
P005,Supply Chain Mapping,2023-05-01,Completed,Completed mapping of current supply chain inefficiencies.
P005,Optimization Strategy,2023-08-15,Completed,Optimization plan finalized and approved by client.
P006,Process Mapping,2023-09-01,Active,Mapping current HR processes to automate.
P006,HR System Automation,2024-02-01,Pending,Implementation phase scheduled after mapping is completed.
P007,Risk Assessment Report,2023-12-01,Pending,Assessing key risks for client industries.
P008,Sustainability Assessment,2023-05-01,Completed,Full assessment of sustainability efforts delivered to client.
P009,Cloud Architecture Design,2023-09-01,Active,Designing cloud migration architecture and strategy.
P010,Data Collection,2023-03-01,Completed,Collected data from all performance metrics.
P010,Analytics Dashboard Setup,2023-07-15,Pending,Pending client approval before dashboard development.
